"id","Umsatz"
1808011,193.450247241147
1808012,479.536360581043
1808013,233.883503740459
1808014,157.479097878901
1808015,344.244072044
1808021,191.39084562982
1808022,477.289861849244
1808023,233.27206671025
1808024,158.502722550281
1808025,346.902758416969
1808031,198.801680964385
1808032,486.129072526962
1808033,241.90459102953
1808034,166.928560511125
1808035,355.121910019375
1808041,245.103546547913
1808042,531.338287563049
1808043,286.227841876614
1808044,210.365847169204
1808045,397.673232488451
1808051,242.41897699628
1808052,527.525688053259
1808053,282.17317659767
1808054,206.069116121107
1808055,393.1344356712
1808061,180.428321890606
1808062,467.116540113171
1808063,223.587601592321
1808064,149.307114050498
1808065,338.196006535331
1808071,174.792464536898
1808072,464.048136141636
1808073,221.263078068219
1808074,147.726470973829
1808075,337.359243906096
1808081,198.194219278364
1808082,485.426060410768
1808083,239.873291417584
1808084,163.568973403427
1808085,350.434035415927
1808091,199.310026029907
1808092,484.043137511898
1808093,238.759349788069
1808094,162.724013043267
1808095,349.858056325121
1808101,228.363575172349
1808102,512.719360619401
1808103,266.789265591279
1808104,190.107621542183
1808105,376.595357519743
1808111,288.444253532948
1808112,573.378652063323
1808113,328.673477422818
1808114,253.216753761338
1808115,440.929410126514
1808121,235.350317807478
1808122,522.419105838608
1808123,278.623400311241
1808124,204.0761457629
1808125,392.698271241215
1808131,189.462905149798
1808132,477.466895359892
1808133,233.696922898351
1808134,159.175401415835
1808135,347.823259959976
1808141,193.570204780338
1808142,480.605920291178
1808143,235.841940064557
1808144,160.326410816961
1808145,347.980261596022
1808151,185.427016019967
1808152,471.898696864544
1808153,227.56468973674
1808154,152.479133587962
1808155,340.562957465841
1808161,188.98687753449
1808162,476.591932076385
1808163,232.961325547081
1808164,158.579169996803
1808165,347.366394473181
1808171,193.696808834812
1808172,480.025941023588
1808173,234.416011542664
1808174,158.054533040767
1808175,344.862434565525
1808181,186.852900895537
1808182,472.80513491289
1808183,228.797630212163
1808184,154.038576490462
1808185,342.448902795418
1808191,201.777124224943
1808192,488.712960450301
1808193,244.086633177383
1808194,168.708756883491
1808195,356.500260616256
1808201,138.755422964251
1808202,424.807600388883
1808203,179.91643688743
1808204,104.273724365003
1808205,291.800391869233
1808211,134.820872767217
1808212,421.345087126454
1808213,177.190796788141
1808214,102.284957428855
1808215,290.548498096224
1808221,125.14579298731
1808222,413.485390556638
1808223,170.409610265275
1808224,96.582280952938
1808225,285.924331667257
1808231,143.069759640917
1808232,430.064042284557
1808233,184.564437020557
1808234,108.313282735583
1808235,295.231508477265
1808241,140.644385281814
1808242,425.069075203379
1808243,179.423702189942
1808244,103.02678015553
1808245,289.799238147775
1808251,192.204070512656
1808252,477.209549160077
1808253,232.290732621934
1808254,156.620367062816
1808255,344.119381530355
1808261,187.422896790804
1808262,474.232618626488
1808263,230.391488801312
1808264,155.798809955163
1808265,344.37551113567
1808271,124.772134569198
1808272,411.815564831422
1808273,167.130456719819
1808274,91.6937995872412
1808275,279.42652248132
1808281,131.845773231991
1808282,418.81855979159
1808283,174.906786263789
1808284,100.243463715014
1808285,288.749521192895
1808291,132.125811071088
1808292,420.133458978012
1808293,176.483212213733
1808294,102.081416428481
1808295,290.849000669886
1808301,129.831368330712
1808302,415.687948421727
1808303,169.625107078015
1808304,92.8107167133304
1808305,279.165706375302
1808311,138.61936066888
1808312,424.442570189272
1808313,180.758952854371
1808314,106.323786498496
1808315,295.058000169278
1809011,178.249630581966
1809012,465.748560016502
1809013,221.361438586936
1809014,146.222768136396
1809015,334.253477712512
1809021,179.040656829113
1809022,465.816171635404
1809023,221.409139672257
1809024,146.250558688137
1809025,334.261357730673
1809031,139.649678580624
1809032,426.610900326615
1809033,182.409485836749
1809034,107.456522325909
1809035,295.672938841726
1809041,134.838547643196
1809042,421.768613835466
1809043,177.330426318598
1809044,102.140689780757
1809045,290.120333269572
1809051,135.225418627622
1809052,421.816579618287
1809053,177.276259926817
1809054,101.984391214373
1809055,289.861902528586
1809061,137.125141356648
1809062,423.934528771928
1809063,179.714567679675
1809064,104.743057566449
1809065,292.940927479878
1809071,136.09597648343
1809072,422.016824022823
1809073,176.587964455466
1809074,100.407555867135
1809075,287.396527305461
1809081,173.890906099884
1809082,460.53049336917
1809083,216.065452904311
1809084,140.848863418478
1809085,328.801653959302
1809091,178.917047102944
1809092,465.55663437223
1809093,221.091593907371
1809094,145.875004421538
1809095,333.827794962362
1809101,140.113796641788
1809102,426.753383911073
1809103,182.288343446214
1809104,107.071753960382
1809105,295.024544501205
1809111,128.115229643582
1809112,414.289306764229
1809113,169.265654121004
1809114,93.4904524568045
1809115,280.884630819262
1809121,117.462698483965
1809122,403.171346805648
1809123,158.333979571554
1809124,82.7450633164864
1809125,270.325527088075
1809131,127.868443823182
1809132,414.960916705677
1809133,171.321088623262
1809134,96.9297115198735
1809135,285.707714443141
1809141,130.718766840449
1809142,418.088260111033
1809143,173.527913265029
1809144,98.2160173980501
1809145,286.073501557728
1809151,160.829059272537
1809152,447.468646541823
1809153,203.003606076964
1809154,127.787016591131
1809155,315.739807131955
1809161,181.771430602758
1809162,468.411017872044
1809163,223.945977407185
1809164,148.729387921352
1809165,336.682178462175
1809171,118.778465899479
1809172,405.418053168765
1809173,160.953012703906
1809174,85.7364232180731
1809175,273.689213758897
1809181,107.789879926423
1809182,394.429467195708
1809183,149.964426730849
1809184,74.7478372450165
1809185,262.70062778584
1809191,107.902307696675
1809192,394.541894965961
1809193,150.076854501102
1809194,74.860265015269
1809195,262.813055556092
1809201,112.283270016188
1809202,398.922857285473
1809203,154.457816820614
1809204,79.2412273347815
1809205,267.194017875605
1809211,128.006806664052
1809212,414.646393933337
1809213,170.181353468478
1809214,94.9647639826458
1809215,282.917554523469
1809221,175.947748245075
1809222,462.20069735961
1809223,217.271691109051
1809224,141.591135837517
1809225,329.07996059264
1809231,170.997153574051
1809232,457.453232338809
1809233,213.268649155125
1809234,138.332516950466
1809235,326.565764772463
1809241,97.0729391713371
1809242,383.582960530926
1809243,138.707896875197
1809244,63.0812841984947
1809245,250.624051548448
1809251,87.853794519027
1809252,374.665062530805
1809253,130.781725999309
1809254,56.1468404468384
1809255,244.681334921024
1809261,109.668666327936
1809262,396.73758410481
1809263,152.120170214177
1809264,76.7512073025708
1809265,264.551624417621
1809271,110.21239693296
1809272,397.447689585386
1809273,153.730727929441
1809274,79.2622172525222
1809275,267.96308660226
1809281,107.84864560685
1809282,394.466144382351
1809283,149.230936614793
1809284,73.2441798262608
1809285,260.426803064385
1809291,120.42788643986
1809292,406.396940140753
1809293,162.0315334102
1809294,86.9145776586737
1809295,274.967001933804
1809301,214.701213344503
1809302,501.545696747104
1809303,257.185918681255
1809304,182.074591594433
1809305,370.132644534266
1810011,89.7944535245833
1810012,376.022896218685
1810013,131.041448779632
1810014,55.3084523196055
1810015,242.744835886235
1810021,119.266977502182
1810022,404.888421113665
1810023,159.921643965197
1810024,84.2033177957552
1810025,271.65437165297
1810031,60.9538864692852
1810032,560.927137931761
1810033,204.688456306869
1810034,134.990113939431
1810035,368.029933104413
1810041,111.442826157582
1810042,399.26350518763
1810043,155.494716730052
1810044,80.9743792515003
1810045,269.623421799605
1810051,119.928006956811
1810052,408.194243768244
1810053,164.659600838252
1810054,90.3734088872861
1810055,279.256596962977
1810061,210.846216788708
1810062,497.773783725158
1810063,252.666325392597
1810064,176.807318039061
1810065,364.117690712182
1810071,201.91551006158
1810072,487.200340734947
1810073,242.022961541873
1810074,166.094033327824
1810075,353.334485140432
1810081,116.329496148715
1810082,402.437453933369
1810083,158.153122712095
1810084,83.1172424698466
1810085,271.250742254255
1810091,111.625433086338
1810092,398.931715484434
1810093,154.952660904801
1810094,80.2220573041942
1810095,268.660833730244
1810101,110.700125645747
1810102,398.41231005836
1810103,154.533880851603
1810104,79.9039026238722
1810105,268.443304422798
1810111,116.465755622313
1810112,404.116536325086
1810113,160.076078035612
1810114,85.2840707251641
1810115,273.661443441373
1810121,123.840279890086
1810122,411.232582994419
1810123,167.095676189223
1810124,92.2072203630526
1810125,280.488144563539
1810131,132.662481948595
1810132,419.302069217881
1810133,174.837028753022
1810134,99.6204392671893
1810135,287.573229808013
1810141,187.382138757136
1810142,474.021726026422
1810143,229.556685561563
1810144,154.34009607573
1810145,342.292886616554
1810151,119.013526272729
1810152,405.653113542015
1810153,161.188073077156
1810154,85.9714835913234
1810155,273.924274132147
1810161,127.418506104641
1810162,413.609358767538
1810163,168.605836775013
1810164,92.8507657615137
1810165,280.265074774671
1810171,115.900788118129
1810172,402.529286362595
1810173,158.591638400584
1810174,83.9024414175981
1810175,272.382624461269
1810181,127.290012345871
1810182,412.710676187699
1810183,166.499319792535
1810184,89.5364143763981
1810185,275.742888986917
1810191,99.0573612262185
1810192,383.794655621249
1810193,139.17363821244
1810194,63.8010717826566
1810195,251.59788537953
1810201,115.771452419634
1810202,402.41103968892
1810203,157.945999224061
1810204,82.7294097382282
1810205,270.682200279052
1810211,154.723342940146
1810212,441.362930209432
1810213,196.897889744573
1810214,121.68130025874
1810215,309.634090799564
1810221,80.3011110499853
1810222,366.940698319271
1810223,122.475657854412
1810224,47.2590683685792
1810225,235.211858909403
1810231,85.6103784375176
1810232,371.92578511761
1810233,127.07172794572
1810234,51.4661217528564
1810235,239.029895586649
1810241,111.765909060416
1810242,398.333465903243
1810243,154.185411718957
1810244,79.2858085136968
1810245,267.555585335093
1810251,77.1107572452033
1810252,363.804848997023
1810253,119.077326734125
1810254,43.5982554502532
1810255,231.288564193038
1810261,81.32911858295
1810262,367.95363356251
1810263,123.736002605966
1810264,48.7668226284467
1810265,236.967022677584
1810271,112.966966147931
1810272,398.855756050886
1810273,153.392508711383
1810274,77.1777123509054
1810275,264.132296017084
1810281,170.357347987073
1810282,456.067361742098
1810283,211.670954637623
1810284,136.522998512174
1810285,324.544422413382
1810291,71.9181344246205
1810292,358.668406580812
1810293,114.245417642475
1810294,39.0708796831639
1810295,227.065721750509
1810301,106.087939590734
1810302,393.629448839738
1810303,150.024278828075
1810304,75.6675597954387
1810305,264.480220789458
1811011,92.6284462380613
1811012,379.6594853484
1811013,135.585896724594
1811014,60.7607590798142
1811015,249.105001461691
1811016,72.0899650363912
1811021,87.1387340289393
1811022,373.382619350599
1811023,128.521876938114
1811024,52.9095855046547
1811025,240.466674097852
1811026,62.6644838838734
1811031,132.525252749041
1811032,419.287951611666
1811033,174.946022740146
1811034,99.852544847653
1811035,287.928446981816
1811036,110.645070308802
1811041,129.557485588675
1811042,415.857653308724
1811043,171.053193294628
1811044,95.4971842595587
1811045,283.110555251145
1811046,105.364647435556
1811051,79.6145810352266
1811052,366.614968132359
1811053,122.510727495347
1811054,47.6549378373616
1811055,235.968528206032
1811056,58.9228397675268
1811061,73.9280198689128
1811062,360.295918866628
1811063,115.5591901302
1811064,40.0709123727968
1811065,227.75201464205
1811066,50.073838104128
1811071,76.1748486198478
1811072,363.516239314531
1811073,119.753002275069
1811074,45.2382162146338
1811075,233.892810180854
1811076,57.1881253398995
1811081,95.513152320454
1811082,381.966557676774
1811083,137.315335298949
1811084,61.9125639001512
1811085,249.679172528009
1811086,72.0865023486911
1811091,84.7101736110108
1811092,370.932124932059
1811093,126.049448518964
1811094,50.4152230848939
1811095,237.950377677481
1811096,60.1262534628912
1811101,136.729243384134
1811102,423.675460419136
1811103,179.517049719994
1811104,104.607089999879
1811105,292.866510306419
1811106,115.766651805783
1811111,150.4242126537
1811112,437.213650161033
1811113,192.898459934222
1811114,117.831720686436
1811115,305.934361465307
1811116,128.677723437002
1811121,79.1241419137394
1811122,365.620768860232
1811123,121.01276807258
1811124,45.6532182639549
1811125,233.463048481986
1811126,55.9135998928404
1811131,73.5500284786313
1811132,359.937208543487
1811133,115.219760874199
1811134,39.7507641839361
1811135,227.45114752033
1811136,49.7922520495477
1811141,75.8835161459172
1811142,362.260276026761
1811143,117.532408173461
1811144,42.0529912991868
1811145,229.742954451569
1811146,52.073638796775
1811151,80.5077186158789
1811152,367.700057659066
1811153,123.787768968108
1811154,49.1239312561769
1811155,237.629473570902
1811156,60.7757370784507
1811161,92.2099051074524
1811162,378.4848031123
1811163,133.655073383003
1811164,58.073794632732
1811165,245.661895909117
1811166,67.8907183783268
1811171,125.046097416928
1811172,411.025210631851
1811173,165.899696112629
1811174,90.0226325724327
1811175,277.314949058893
1811176,99.2479867381774
1811181,136.069890792003
1811182,422.572160343513
1811183,177.969802160877
1811184,102.615894957268
1811185,290.431367780315
1811186,112.887561796186
1811191,62.5737460365911
1811192,348.766488024362
1811193,103.854602277989
1811194,28.1911675106413
1811195,215.69711276995
1811196,37.8437792220833
1811201,55.9359848294583
1811202,342.563658237795
1811203,98.0867039119874
1811204,22.8582005652059
1811205,210.799077245081
1811206,33.3806751177794
1811211,60.6869038849732
1811212,347.188141608021
1811213,102.584751596925
1811214,27.2298125648547
1811215,215.044253559441
1811216,37.4994157468508
1811221,58.4792722563209
1811222,344.931749280345
1811223,100.279598570226
1811224,24.8758988391318
1811225,212.641579134694
1811226,35.0479806230808
1811231,63.7009247843145
1811232,350.537603064155
1811233,106.269653609852
1811234,31.2501551345744
1811235,219.400036685953
1811236,42.1906394301562
1811241,107.105869284164
1811242,394.0405331282
1811243,149.870569238091
1811244,74.9490563270083
1811245,263.196923442582
1811246,86.0855117509796
1811251,100.099643417795
1811252,386.792307116624
1811253,142.380343081308
1811254,67.216830025018
1811255,255.222696995384
1811256,77.8692851585748
1811261,57.9810867769905
1811262,344.612959294892
1811263,100.140204078649
1811264,24.9158998414316
1811265,212.860975630871
1811266,35.4467726131341
1811271,54.8145831348091
1811272,341.29238005552
1811273,96.6655492420867
1811274,21.2871694076795
1811275,209.078169599928
1811276,31.5098909850014
1811281,63.1821268132544
1811282,349.55841090531
1811283,104.830067263221
1811284,29.3501746001578
1811285,217.039661963751
1811286,39.3698705201684
1811291,55.3398321283588
1811292,342.185487912283
1811293,97.926515962063
1811294,22.915994990869
1811295,211.074854046331
1811296,33.8744342946176
1811301,77.8441669662173
1811302,365.468850120446
1811303,121.98890554053
1811304,47.7574119396395
1811305,236.695298365406
1811306,60.2739059839961
1812011,121.841342157798
1812012,408.293484761419
1812013,163.640999630895
1812014,88.2369654793979
1812015,276.002311354557
1812016,98.4083784225396
1812021,132.636076648605
1812022,419.457789591825
1812023,175.174874800901
1812024,100.140410989003
1812025,288.275327203761
1812026,111.050964611343
1812031,74.5039598863376
1812032,361.466327764073
1812033,117.324067907663
1812034,42.4302590302804
1812035,230.705830179553
1812036,53.6221225216507
1812041,72.7189622771873
1812042,358.469490050536
1812043,113.115390089741
1812044,37.0097411079712
1812045,224.073472152858
1812046,45.777924390569
1812051,68.6467613173028
1812052,355.312972749563
1812053,110.874556447679
1812054,35.6845911248207
1812055,223.664005828619
1812056,46.2841417252411
1812061,61.6381686549387
1812062,348.597239505826
1812063,104.45168262257
1812064,29.554576718339
1812065,217.826850840765
1812066,40.7398461560144
1812071,79.4303752035748
1812072,366.740843586446
1812073,122.946684235173
1812074,48.4009758629258
1812075,237.024647517335
1812076,60.2890403645684
1812081,118.275656831366
1812082,403.882135106228
1812083,158.383985646945
1812084,82.1342871666889
1812085,269.053968713089
1812086,90.6143714523127
1812091,116.260818675312
1812092,402.835056486272
1812093,158.304666563088
1812094,83.0227276189295
1812095,270.910168701427
1812096,93.4383309767494
1812101,66.3166888130993
1812102,352.771380854025
1812103,108.121445160806
1812104,32.7199604466139
1812105,220.487855759078
1812106,42.8964722643654
1812111,59.5000708826957
1812112,346.228035243505
1812113,101.85137187017
1812114,26.7231594758607
1812115,214.764327108208
1812116,37.4462159333791
1812121,58.7956552751179
1812122,345.275823208053
1812123,100.651363406843
1812124,25.2753545846595
1812125,213.068725789132
1812126,35.502818186429
1812131,56.8515779113981
1812132,343.345912594402
1812133,98.7356195432623
1812134,23.3737774711483
1812135,211.181315425691
1812136,33.6295745730569
1812141,67.3211562068317
1812142,353.737133937974
1812143,109.048483934973
1812144,33.6082849109969
1812145,221.337465913677
1812146,43.7073681091822
1812151,107.134663736963
1812152,393.685460745586
1812153,149.131630020065
1812154,73.8262502735694
1812155,261.69025055373
1812156,84.1949720267152
1812161,118.774746059266
1812162,405.266801603571
1812163,160.654229413732
1812164,85.2901082029184
1812165,273.095367018761
1812166,95.5413470274286
1812171,54.7514391490615
1812172,341.570472909233
1812173,97.2848789352592
1812174,22.2477359403119
1812175,210.379972972021
1812176,33.152931196554
1812181,55.2783674886321
1812182,342.809341434817
1812183,99.235687646858
1812184,24.9104848379249
1812185,213.754662055648
1812186,37.2395604661953
1812191,55.8471352882142
1812192,341.964571799796
1812193,96.9773805772327
1812194,21.2386403336958
1812195,208.669280116815
1812196,30.7406410927586
1812201,60.0687446035387
1812202,347.237385670572
1812203,103.301399003461
1812204,28.6138633153763
1812205,217.095707653948
1812206,40.2182731853432
1812211,84.5700636520187
1812212,371.222363368804
1812213,126.770035351446
1812214,51.5661583131131
1812215,239.531661301437
1812216,62.1378854825845
1812221,146.293331282595
1812222,432.780376005995
1812223,188.162792995251
1812224,112.793660963532
1812225,300.59390895847
1812226,123.034878146233
1812231,159.746713771096
1812232,446.601089069763
1812233,202.350836634286
1812234,127.349035177836
1812235,315.516613748041
1812236,138.324913511071
1812241,198.703286903586
1812242,435.977564423293
1812243,86.7305267114074
1812244,66.1804056472099
1812245,228.391606226151
1812246,30.5589753288754
1812271,101.193499606655
1812272,388.600794297188
1812273,144.903461253576
1812274,70.4545791889903
1812275,259.175077151061
1812276,82.0797900526129
1812281,106.99701549101
1812282,393.713826705202
1812283,149.32601018525
1812284,74.1866446443239
1812285,262.216659130054
1812286,84.8873948086084
1812291,147.762117478578
1812292,434.479727279321
1812293,190.09270934592
1812294,114.954142391546
1812295,302.984955463827
1812301,178.50864342677
1812302,464.974824536865
1812303,220.258355381357
1812304,144.790337204875
1812305,332.49169905505
1812311,242.921525585904
1812312,602.692778977841
1812313,172.449227462349
1812315,1762.01462035969
1901021,97.1456530719426
1901022,383.168130747571
1901023,137.984028441682
1901024,62.0483771148191
1901025,249.282105814612
1901031,99.3818881499523
1901032,385.974347447865
1901033,141.45548296392
1901034,66.1850694590023
1901035,254.08403598074
1901041,102.04165498608
1901042,388.976125778097
1901043,144.859792855056
1901044,69.99191091104
1901045,258.293408993681
1901051,126.006745883621
1901052,413.780687681677
1901053,170.101294203771
1901054,95.6703517048909
1901055,284.408789232667
1901061,131.798304311519
1901062,418.428617528537
1901063,173.168656024458
1901064,97.1571454994048
1901065,284.315015001008
1901071,67.1957016486127
1901072,353.38813396341
1901073,109.270859583284
1901074,34.4020361821838
1901075,222.70259280774
1901081,69.7508084444475
1901082,356.251352579258
1901083,111.299502895192
1901084,35.5961041901513
1901085,223.062085511767
1901091,74.1604076681589
1901092,359.718061122199
1901093,114.657896061303
1901094,38.8461819794325
1901095,226.203847924218
1901101,66.2777582664427
1901102,352.641418780226
1901103,108.495576155903
1901104,33.5981845106056
1901105,221.870172891965
1901111,75.9975688085727
1901112,363.654140479128
1901113,119.886886575003
1901114,45.3680836499036
1901115,234.018660751461
1901121,116.254409181519
1901122,403.502658330472
1901123,158.948493184547
1901124,83.6427790176476
1901125,271.506444877405
1901131,129.882272743534
1901132,416.429323186099
1901133,171.960870575586
1901134,96.740868944099
1901135,284.690247339268
1901141,74.6201970565652
1901142,360.43856406064
1901143,115.155715476224
1901144,39.1213178708345
1901145,226.256300292101
1901151,60.5140443263828
1901152,347.049875998385
1901153,103.298888055799
1901154,28.7963510922398
1901155,217.463194155337
1901161,64.8086857707176
1901162,352.434335129461
1901163,108.241304231786
1901164,33.296724313138
1901165,221.521524421146
1901171,66.5332186938761
1901172,352.844268446413
1901173,107.77868089762
1901174,31.961544327854
1901175,219.313787784744
1901181,86.9204823707656
1901182,372.950067761097
1901183,128.475572501218
1901184,53.2495282203651
1901185,241.192863966168
1901191,127.564797870237
1901192,414.229137373896
1901193,169.79830393843
1901194,94.6159214819912
1901195,282.602919052208
1901201,143.386842501927
1901202,430.078281320276
1901203,185.630885375087
1901204,110.431940408924
1901205,298.402375469418
1901211,67.4336747973662
1901212,353.485157131613
1901213,108.414367212045
1901214,32.5920282715034
1901215,219.939069357618
1901221,66.7381534078466
1901222,352.907210544253
1901223,108.577389401225
1901224,33.4960192372219
1901225,221.584029099875
1901231,69.2197999532411
1901232,355.51888484782
1901233,110.578122686424
1901234,34.885811504055
1901235,222.362880348342
1901241,58.5478164426608
1901242,344.307968768215
1901243,99.4392150561615
1901244,23.8189123231342
1901245,211.367989616763
1901251,60.1414009936936
1901252,346.640089279437
1901253,102.43786307823
1901254,27.4840878560496
1901255,215.699692660525
1901261,108.3318372272
1901262,396.555586913214
1901263,153.411894601431
1901264,79.5166532686746
1901265,268.790791962574
1901271,124.768817012591
1901272,412.90114975405
1901273,168.607506608289
1901274,93.5623144415539
1901275,281.686502301475
1901281,70.1695705352713
1901282,356.662398416549
1901283,111.879201244585
1901284,36.3444550516476
1901285,223.979088885366
1901291,65.2838961383746
1901292,351.366287659644
1901293,106.662208153873
1901294,31.2065796271288
1901295,218.920331127041
1901301,67.8798888979701
1901302,354.188595390009
1901303,109.631713188816
1901304,34.3232819666483
1901305,222.184230771137
1901311,68.3373060362771
1901312,354.91314102034
1901313,110.476190006593
1901314,35.2876899718719
1901315,223.268569963807
1902011,77.7908824491137
1902012,363.973307749038
1902013,119.023015863707
1902014,43.321174957402
1902015,230.788714077753
1902021,141.771030657933
1902022,428.313457199154
1902023,184.236507426703
1902024,109.408008633277
1902025,297.748889866508
1902031,135.577370401295
1902032,423.008658114017
1902033,178.947227400187
1902034,104.134247665384
1902035,292.490647957236
1902041,69.4491896316716
1902042,356.258590171741
1902043,111.559753226637
1902044,36.1093672605598
1902045,223.828361321138
1902051,60.1959049006949
1902052,346.955566227961
1902053,102.844396301326
1902054,27.9816773537185
1902055,216.288338432767
1902061,61.3160420001827
1902062,348.129679522036
1902063,103.484818771521
1902064,28.0884090000311
1902065,215.861379255198
1902071,66.7329115019425
1902072,353.673345379067
1902073,109.688971807704
1902074,34.9530492153666
1902075,223.386506649686
1902081,77.2344925741369
1902082,364.397402982449
1902083,119.975018763122
1902084,44.80108552282
1902085,232.796532309175
1902091,119.287745083142
1902092,405.837474708756
1902093,161.239920354694
1902094,85.8908169796591
1902095,273.71109363128
1902101,129.737631117338
1902102,416.29419815905
1902103,171.87865135582
1902104,96.7115555316158
1902105,284.713839734068
1902111,74.2159884287438
1902112,360.828515757707
1902113,116.286921690897
1902114,40.9937786031127
1902115,228.870015541985
1902121,72.0666986010404
1902122,358.605943920845
1902123,114.117115108456
1902124,38.8767372750934
1902125,226.805739468387
1902131,69.1150750933615
1902132,355.988820328398
1902133,111.781726176819
1902134,36.823083004267
1902135,225.033819858371
1902141,79.9065270001176
1902142,367.064014920534
1902143,122.858928793526
1902144,47.9022936455434
1902145,236.115038524217
1902151,86.3203222825996
1902152,374.168421107429
1902153,130.651937860263
1902154,56.3839055921236
1902155,245.28525335064
1902161,131.505905645875
1902162,418.712541184875
1902163,173.865991772038
1902164,98.2678933382273
1902165,285.839174931073
1902171,145.088479918927
1902172,431.771946812075
1902173,187.732294919057
1902174,112.941094005065
1902175,301.319273117729
1902181,85.5871320833895
1902182,372.679695337261
1902183,128.242242285146
1902184,53.0532402120581
1902185,241.033618165626
1902191,74.311122942346
1902192,359.499270178585
1902193,113.555202267935
1902194,36.8595853363118
1902195,223.333348431344
1902201,68.6162792411212
1902202,354.056225874289
1902203,109.870572219103
1902204,34.9333695429429
1902205,223.165546893439
1902211,69.9932991312087
1902212,356.89993764593
1902213,112.422561616835
1902214,37.1936365667656
1902215,225.134091543352
1902221,84.2096779651086
1902222,370.35074991739
1902223,125.399529699763
1902224,49.6967604611621
1902225,237.163371249218
1902231,122.937442792618
1902232,409.360992404612
1902233,165.166094035229
1902234,90.2196466448723
1902235,278.442579281172
1902241,139.274744097676
1902242,427.151422789343
1902243,183.65333165139
1902244,109.403691492463
1902245,298.323431360192
1902251,86.1117779608376
1902252,373.741368439805
1902253,129.299381857723
1902254,54.1058462546667
1902255,242.081690678267
1902261,80.1637417661505
1902262,367.103016386741
1902263,122.914609390411
1902264,47.9746533731077
1902265,236.20407738246
1902271,80.2719594027186
1902272,367.50137852589
1902273,123.349536446388
1902274,48.4461453459123
1902275,236.712134272093
1902281,86.7860610670716
1902282,372.551314584907
1902283,126.898741983242
1902284,50.4946203606023
1902285,237.259878764619
1903011,81.8134251560327
1903012,366.915486062089
1903013,122.100451370807
1903014,46.5338676585512
1903015,234.136663972952
1903021,116.208962970182
1903022,402.497396756511
1903023,158.031197035118
1903024,82.8134482927523
1903025,270.765079577042
1903031,135.603659946835
1903032,422.677047131879
1903033,178.646965839313
1903034,103.865335525772
1903035,292.253085238888
1903041,77.0866587884491
1903042,363.597583732904
1903043,118.568921770921
1903044,42.7887107879653
1903045,230.177879831665
1903051,74.037778131559
1903052,360.153269924845
1903053,115.72775548111
1903054,40.5506920164007
1903055,228.543008578348
1903061,67.3096320064192
1903062,354.243882681316
1903063,110.033979600945
1903064,35.0725274995992
1903065,223.28045542491
1903071,77.135885802795
1903072,364.168200790622
1903073,119.840750659817
1903074,44.761751508038
1903075,232.852132382915
1903081,88.3501200735842
1903082,374.350781871705
1903083,129.109225601627
1903084,53.116120310576
1903085,240.292395046181
1903091,120.355084006857
1903092,406.258119408616
1903093,161.833042881451
1903094,86.656417333311
1903095,274.649171811828
1903101,134.378106363805
1903102,421.668506715626
1903103,177.814315395609
1903104,103.208575054619
1903105,291.772214740284
1903111,75.065182781595
1903112,361.998956165555
1903113,117.217252670528
1903114,41.6840001545272
1903115,229.320127665183
1903121,66.8739068203861
1903122,353.115834298961
1903123,108.569797073559
1903124,33.2722108271832
1903125,221.144004607464
1903131,61.9498245959294
1903132,348.460813662182
1903133,103.948171754833
1903134,28.6839808265102
1903135,216.589169924844
1903141,67.0670932219333
1903142,353.743206033679
1903143,109.362292553771
1903144,34.2298300528885
1903145,222.266747578662
1903151,74.1737907148351
1903152,360.698174194184
1903153,116.033802954439
1903154,40.617882693719
1903155,228.371342459656
1903161,115.409903138522
1903162,402.096744305105
1903163,157.87828851243
1903164,82.9082836987817
1903165,271.107658911789
1903171,133.22201093066
1903172,420.121629784383
1903173,175.670036231777
1903174,100.466893658198
1903175,288.433131111275
1903181,78.4936266787873
1903182,364.905754347706
1903183,120.199807370228
1903184,44.742311371775
1903185,232.454195399979
1903191,72.6323037048235
1903192,359.647165722851
1903193,115.798306519354
1903194,41.1978982948825
1903195,229.766870097068
1903211,83.400810437659
1903212,370.347568885396
1903213,126.189699598989
1903214,51.2802812916081
1903215,239.540243010883
1903221,93.7956390526867
1903222,380.983070771134
1903223,136.793825813885
1903224,61.8530318356624
1903225,250.081617884096
1903231,136.151398812853
1903232,422.818212824901
1903233,178.104603595194
1903234,102.639445344514
1903235,290.343667120491
1903241,149.018665469316
1903242,435.1210462729
1903243,190.367368107187
1903244,114.8621409205
1903245,302.52629376047
1903251,87.9885314085356
1903252,374.066325278039
1903253,129.328129114251
1903254,53.8383839294897
1903255,241.518018771385
1903261,77.9844550617894
1903262,364.391314735987
1903263,119.966702374969
1903264,44.7905409929769
1903265,232.783759637641
1903271,72.1545390112361
1903272,358.987495472449
1903273,114.675396095678
1903274,39.6117476979321
1903275,227.717479326843
1903281,82.4781597140744
1903282,369.9127058948
1903283,126.089683253294
1903284,51.5151115908138
1903285,240.10991995499
1903291,98.5497568340855
1903292,386.101015108622
1903293,141.905627825661
1903294,66.9586915217263
1903295,255.181135244448
1903301,142.495037105782
1903302,430.154945177553
1903303,186.44057233328
1903304,111.974650468034
1903305,300.678108629444
1903311,157.289064582932
1903312,443.180031630569
1903313,197.215703323474
1903314,120.499825995406
1903315,306.953328693995
1904011,90.3363566871646
1904012,375.548123150822
1904013,131.15454972257
1904014,56.0094272733447
1904015,244.033684850775
1904021,87.1631920881447
1904022,374.672714351183
1904023,131.006141843469
1904024,56.5880203147814
1904025,245.33927881275
1904041,115.159831755262
1904042,401.799419024548
1904043,157.334378559689
1904044,82.1177890738562
1904045,270.07057961468
1904051,119.818230110102
1904052,408.271461640228
1904053,163.806421175369
1904054,88.5898316895368
1904055,276.54262223036
1904061,164.608900046959
1904062,451.408533518095
1904063,207.135548495456
1904064,132.111014451843
1904065,320.255860434887
1904071,164.36591431573
1904072,451.296675598385
1904073,206.930753704676
1904074,131.813282789993
1904075,319.865191901966
1904081,124.574655271453
1904082,410.253733589877
1904083,164.729065603007
1904084,88.4528485951627
1904085,275.346011613975
1904091,115.231744467888
1904092,400.402491233485
1904093,155.528237786948
1904094,79.9024353194376
1904095,267.446012878583
1904101,112.973291267537
1904102,399.206318488615
1904103,154.743930957227
1904104,79.5299944048644
1904105,267.485437879158
1904111,113.17493839838
1904112,399.509222776445
1904113,154.736226486896
1904114,79.2116811763732
1904115,266.856515892506
1904121,129.175780313788
1904122,415.58995469502
1904123,171.207457166799
1904124,96.0734106176028
1904125,284.108744095063
1904131,151.20415297091
1904132,437.329664903858
1904133,192.268006166024
1904134,116.454798407217
1904135,303.810970675066
1904141,171.972306631809
1904142,458.469437118818
1904143,214.458558144656
1904144,139.696130149521
1904145,328.103082181041
1904151,113.534294416013
1904152,401.131222539533
1904153,157.169361438211
1904154,82.4559513159155
1904155,270.911921220276
1904161,112.354870960943
1904162,399.718516951851
1904163,155.474355845078
1904164,80.4786457173303
1904165,268.652315616239
1904171,106.795623107946
1904172,394.293523031693
1904173,150.46591586321
1904174,75.886759673753
1904175,264.476983510952
1904181,114.497644122197
1904182,402.023646621844
1904183,157.807588090972
1904184,82.8399805391254
1904185,271.041753013935
1904201,147.262388339596
1904202,434.178582827832
1904203,189.990149581924
1904204,115.050167315041
1904205,303.279565074815
1904211,156.155586533794
1904212,443.380729300814
1904213,199.510492136378
1904214,124.888705950969
1904215,313.436299792215
1904221,53.9192084736981
1904222,621.592248803844
1904223,229.326965929276
1904224,97.5873400279974
1904225,252.992984244032
1904231,97.4554776261365
1904232,383.234061435271
1904233,138.355223461757
1904234,62.7248364672702
1904235,250.263829499439
1904241,91.4258044850062
1904242,378.60410502172
1904243,135.091575332943
1904244,60.8274966231926
1904245,249.732797940098
1904251,96.4277145096405
1904252,384.572641575497
1904253,140.660430131127
1904254,65.9966696657824
1904255,254.502289227095
1904261,113.975771050199
1904262,399.708762256937
1904263,153.784296709041
1904264,77.1082821401726
1904265,263.60164759796
1904271,146.188143681011
1904272,431.787422367645
1904273,187.741498403171
1904274,112.944025417723
1904275,301.315932458931
1904281,159.804223652849
1904282,445.754460452749
1904283,200.18095301812
1904284,123.855896562517
1904285,310.70022013357
1904291,93.1769164047155
1904292,379.442579731663
1904293,135.712082294236
1904294,61.2300358358359
1904295,249.917369404091
1904301,88.1045641393717
1904302,376.171547422505
1904303,132.399359944062
1904304,57.8756234446457
1904305,246.521266971885
1905021,90.457816892233
1905022,375.248161467228
1905023,128.933878308079
1905024,51.8680461279552
1905025,237.971593974488
1905031,90.6625529533182
1905032,377.113472178608
1905033,132.560041497436
1905034,57.2550617952903
1905035,245.119462119801
1905041,143.980987046325
1905042,430.421859882374
1905043,185.846495200591
1905044,110.519581497835
1905045,298.362047821735
1905051,147.042834927736
1905052,434.196858203341
1905053,190.356577961726
1905054,115.764748699137
1905055,304.342299463204
1905061,97.8238292522079
1905062,384.741943711309
1905063,139.930670213023
1905064,64.3678476937621
1905065,251.974405201158
1905071,84.6584203402652
1905072,371.214562590197
1905073,127.012310139412
1905074,52.0585086676528
1905075,240.27408722255
1905081,85.3462082695553
1905082,372.990969575327
1905083,129.268315132881
1905084,54.7941116694603
1905085,243.489288232696
1905091,96.4301383941435
1905092,384.258197755172
1905093,140.239243359644
1905094,65.4687399431425
1905095,253.867616553297
1905101,114.734195328252
1905102,400.780963389778
1905103,155.277017647828
1905104,79.0215228849047
1905105,265.935408148637
1905111,150.874721711168
1905112,436.945509044462
1905113,192.950573920702
1905114,118.204089775968
1905115,306.62698565789
1905121,155.831729007481
1905122,442.917260977713
1905123,198.428059872701
1905124,123.187309746715
1905125,311.115939647386
1905131,98.3726471157285
1905132,385.145960029907
1905133,140.838805850094
1905134,65.7801026493075
1905135,253.890779475177
1905141,96.2438874986302
1905142,382.868624550102
1905143,138.230847582382
1905144,62.8415215936895
1905145,250.621575631653
1905151,93.9219957182464
1905152,380.749118024573
1905153,136.644349099615
1905154,61.7880311536841
1905155,250.101093234409
1905161,99.9994357644014
1905162,386.40852358029
1905163,141.352712122132
1905164,65.5453516430005
1905165,252.907371190525
1905171,102.134014831235
1905172,388.256577282528
1905173,143.865282992976
1905174,68.7224396824493
1905175,256.748976398579
1905181,141.411712988187
1905182,429.002523533425
1905183,185.414960169213
1905184,111.075847784026
1905185,299.906115425497
1905191,160.741846690376
1905192,447.855107441738
1905193,202.986263358308
1905194,127.365870253904
1905195,314.914857176156
1905201,98.7809054860726
1905202,385.651005333545
1905203,141.820281065444
1905204,67.2380077763686
1905205,255.82511451395
1905211,93.4058239546373
1905212,380.439709865989
1905213,135.734651846437
1905214,60.2780448059125
1905215,247.990817792044
1905221,97.6802932713066
1905222,383.100459887459
1905223,137.656016324159
1905224,61.4600237398849
1905225,248.433411182267
1905231,91.9822213368787
1905232,379.019043605095
1905233,135.930641237608
1905234,62.0906898491479
1905235,251.420118487343
1905241,108.798748552386
1905242,396.643178057745
1905243,152.006341731587
1905244,76.6179563844551
1905245,264.39895106398
1905251,146.852491721746
1905252,432.391726816995
1905253,186.998130039399
1905254,110.85298424083
1905255,297.877218468916
1905261,156.748757885656
1905262,442.646499043116
1905263,198.368168779168
1905264,123.338289494247
1905265,311.477790235982
1905271,98.1444706635139
1905272,385.176321485193
1905273,140.916834371816
1905274,65.905798237466
1905275,254.064142129772
1905281,97.0503185110154
1905282,383.55079702188
1905283,138.741094447117
1905284,63.1798428513813
1905285,250.787971282301
1905291,94.3599870042964
1905292,380.956801407096
1905293,136.793650185655
1905294,61.8789499432392
1905295,250.13362972748
1905301,80.2859886190394
1905302,599.921024857553
1905303,239.2720374329
1905304,149.215186920297
1905305,353.579110430156
1905311,101.016309173546
1905312,388.286195774926
1905313,144.500124969808
1905314,69.9625051437167
1905315,258.594265344282
1906011,143.470582154832
1906012,430.909379944279
1906013,186.56458033984
1906014,111.468231714427
1906015,299.541263115671
1906021,158.438458171655
1906022,446.505659254238
1906023,203.347991742255
1906024,129.4387752093
1906025,318.698938703
1906031,105.045849133246
1906032,392.304413467897
1906033,147.150977115527
1906034,71.2459917421829
1906035,258.510386395495
1906041,100.71420865945
1906042,385.58265301249
1906043,140.034865518897
1906044,63.7355290043305
1906045,250.60557251642
1906051,97.3104349033667
1906052,384.150938498001
1906053,140.969561387224
1906054,67.036635255474
1906055,256.27308915038
1906061,110.897425894101
1906062,398.07454242685
1906063,152.863367871373
1906064,76.9006442949218
1906065,264.107300745127
1906071,111.279565203724
1906072,397.080248313762
1906073,152.522437780272
1906074,77.2130782258095
1906075,265.073098698003
1906081,158.377979221301
1906082,444.384383300784
1906083,199.378929714753
1906084,123.621927107748
1906085,311.034304527398
1906091,159.681312226298
1906092,446.416309372895
1906093,202.58709190652
1906094,128.006325419172
1906095,316.594938958479
1906101,87.232206838636
1906102,606.550632546138
1906103,245.251100835408
1906104,154.543706036727
1906105,358.257085260509
1906111,87.971157155965
1906112,374.655319139499
1906113,130.934068002613
1906114,56.4612678447534
1906115,245.15784771355
1906121,94.9583847258288
1906122,381.867676174021
1906123,136.928550560096
1906124,61.2378759251969
1906125,248.716581316954
1906131,99.9306189021109
1906132,387.290492077383
1906133,144.019822667576
1906134,69.9976042367961
1906135,259.144765832672
1906141,110.81218816849
1906142,398.707761007736
1906143,154.304335057787
1906144,79.1493600868626
1906145,267.163765142595
1906151,162.023332224376
1906152,447.669130343553
1906153,202.148686213678
1906154,125.876693062829
1906155,312.774079938636
1906161,165.33600915928
1906162,451.523379656164
1906163,207.66152608392
1906164,133.048123490702
1906165,321.60410092414
1906171,100.868075924325
1906172,388.436978718531
1906173,144.298066885978
1906174,69.4076060324513
1906175,257.686525205581
1906181,96.6027644236752
1906182,384.230551552733
1906183,140.42758231534
1906184,65.8730640569727
1906185,254.487925825262
1906191,100.10283707604
1906192,387.536624044581
1906193,143.203712051513
1906194,68.1192510374705
1906195,256.204170050084
1906201,112.02203321343
1906202,397.468241066233
1906203,151.677692713101
1906204,75.1355953389954
1906205,261.762877991546
1906211,146.776673935193
1906212,431.757644397269
1906213,186.959495013473
1906214,111.409796608704
1906215,299.02947823059
1906221,211.510659580981
1906222,497.692633839548
1906223,253.103089282907
1906224,177.761995705292
1906225,365.590282154333
1906231,211.870437866415
1906232,499.032819986782
1906233,255.215078464786
1906234,180.645787921817
1906235,369.245877405504
1906241,152.085756477587
1906242,439.449261915633
1906243,195.060840676672
1906244,119.920870416737
1906245,307.950280183458
1906251,148.521137435271
1906252,436.860207532177
1906253,194.01803066904
1906254,120.424304784929
1906255,309.999958927475
1906261,166.750063584519
1906262,454.218276884052
1906263,208.958998847717
1906264,132.948171790409
1906265,320.106724759756
1906271,147.627703668838
1906272,431.734958223262
1906273,185.531822615018
1906274,108.5771379858
1906275,294.791833383238
1906281,156.309611642781
1906282,442.229504600301
1906283,198.782864967061
1906284,124.584676312847
1906285,313.55586768529
1906291,195.211670896363
1906292,483.561636150545
1906293,239.788572838964
1906294,165.263960506409
1906295,353.90872820051
1906301,230.448456533029
1906302,517.919569132731
1906303,273.59407684501
1906304,198.517035536316
1906305,386.609374254278
1907011,177.314609501671
1907012,462.586562427246
1907013,216.614339441539
1907014,139.890567434857
1907015,326.336175454832
1907021,197.548970146933
1907022,481.801502035069
1907023,236.456588709909
1907024,160.360126363776
1907025,347.433044044299
1907031,201.018284892002
1907032,487.264757523186
1907033,243.286475280526
1907034,168.556644016892
1907035,356.996192779914
1907041,208.517202997907
1907042,495.396176853297
1907043,250.683764752343
1907044,175.219803630416
1907045,362.925222535145
1907051,206.685447178785
1907052,493.121452064462
1907053,248.70020085209
1907054,173.527400618743
1907055,361.523980412053
1907061,263.334483607505
1907062,549.879563082196
1907063,305.276225570257
1907064,229.921339037343
1907065,417.735832531086
1907071,259.696501849635
1907072,545.973010152374
1907073,301.28318776805
1907074,225.841816362752
1907075,413.56982498411
1907081,199.300823618188
1907082,486.044140235179
1907083,241.907611037491
1907084,167.019532818829
1907085,355.300834626823
1907091,206.286440524075
1907092,493.45278932762
1907093,249.18599912985
1907094,174.167659911106
1907095,362.318700719018
1907111,201.767594977452
1907112,488.887809765866
1907113,244.903396820135
1907114,170.16743485343
1907115,358.600852913382
1907121,185.243428137907
1907122,471.728708885764
1907123,227.380097091321
1907124,152.279936275905
1907125,340.349155487144
1907131,225.782552418773
1907132,512.588167018417
1907133,268.172725213501
1907134,193.005734387611
1907135,381.008123588377
1907141,278.948632933732
1907142,564.897415431063
1907143,319.691971534306
1907144,243.734978616576
1907145,430.947365725503
1907151,202.783590028208
1907152,488.457245858736
1907153,243.766677387018
1907154,168.324559894325
1907155,356.051822428288
1907161,166.260661986325
1907162,453.473080683204
1907163,209.806399652798
1907164,135.388169601418
1907165,324.139319576694
1907171,200.253987792405
1907172,487.77407738843
1907173,243.391179815859
1907174,168.256733222313
1907175,356.291666655424
1907181,191.667018507089
1907182,478.925209046969
1907183,234.996628960417
1907184,160.316499852891
1907185,348.805750772021
1907191,195.35765214616
1907192,482.375800383917
1907193,237.752860509223
1907194,162.378371613555
1907195,350.173262744544
1907201,253.262514092304
1907202,540.18650208066
1907203,296.163761744706
1907204,221.389472387779
1907205,409.784563057508
1907211,238.465644329161
1907212,524.425619347476
1907213,278.838666502742
1907214,202.500164637034
1907215,389.331042797981
1907221,208.723669585057
1907222,494.324620373709
1907223,249.942855808092
1907224,174.809542221502
1907225,362.845608661567
1907231,175.967337675308
1907232,464.4851452324
1907233,221.815049156105
1907234,148.393404058837
1907235,338.141138988225
1907241,186.167178774561
1907242,474.85185162293
1907243,230.636952348591
1907244,155.670504053278
1907245,343.873435784622
1907251,195.618976896003
1907252,482.652979428309
1907253,238.332213035951
1907254,163.259897622619
1907255,351.356962235943
1907261,208.212242799908
1907262,494.540628901289
1907263,249.620113196025
1907264,173.948048469787
1907265,361.445363770206
1907271,236.841291647538
1907272,521.976234210638
1907273,276.462024279999
1907274,200.196265328387
1907275,387.09988640343
1907281,248.461961206335
1907282,534.347776880205
1907283,290.178134285711
1907284,215.256942670242
1907285,403.505131081431
1907291,192.704332861616
1907292,480.193808316656
1907293,236.283258167186
1907294,161.621158996743
1907295,350.128439852955
1907301,183.406591965938
1907302,469.694304412303
1907303,224.322898809134
1907304,148.199944184992
1907305,335.246369587506
